K值,Silhouette,ARI,NMI,Homogeneity,Completeness,V-Measure
4,,0.002038434228394145,0.044671937884538264,0.058592932362685965,0.03609596044528276,0.04467193788453828
3,,0.18257844680157145,0.15041605628672375,0.1712333804926498,0.13411171720912407,0.15041605628672375
