K值,Silhouette,ARI,NMI,Homogeneity,Completeness,V-Measure
1,,0.0,0.0,0.0,1.0,0.0
2,0.1423988622578302,0.01329000005774861,0.056178385688115964,0.0513854011861983,0.06195748347071149,0.05617838568811597
