K值,Silhouette,ARI,NMI,Homogeneity,Completeness,V-Measure
4,0.15831983914163092,0.03385939594694241,0.11654198914053862,0.15492690329282172,0.09340085732863469,0.11654198914053865
8,0.1720479478226745,0.016809275367646422,0.0906941876424541,0.15817504347803224,0.06357271011830687,0.09069418764245411
