K值,Silhouette,ARI,NMI,Homogeneity,Completeness,V-Measure
4,0.1577831383191837,0.015170731853442112,0.055131358978985925,0.07319088380863638,0.044220217196376796,0.05513135897898593
8,0.1720479478226745,0.016809275367646422,0.0906941876424541,0.15817504347803224,0.06357271011830687,0.09069418764245411
